,id,title,views,evaluation,evaluation_tmdb,release_date,genre_ids,diff
0,157336,Interstellar,6,9.9,8.3,2014-11-05,"[12, 18, 878]",1.5999999999999996
1,334,Magnolia,5,9.98,7.7,1999-12-10,[18],2.2800000000000002
2,120,The Lord of the Rings: The Fellowship of the Ring,5,9.4,8.3,2001-12-18,"[12, 14, 28]",1.0999999999999996
3,19995,Avatar,5,8.959999999999999,7.5,2009-12-10,"[28, 12, 14, 878]",1.459999999999999
4,264660,Ex Machina,4,9.475,7.6,2015-01-16,"[18, 878]",1.875
5,318846,The Big Short,4,9.425,7.3,2015-12-11,"[35, 18]",2.125000000000001
6,122,The Lord of the Rings: The Return of the King,4,9.575,8.5,2003-12-01,"[12, 14, 28]",1.0749999999999993
7,121,The Lord of the Rings: The Two Towers,4,9.725,8.3,2002-12-18,"[12, 14, 28]",1.424999999999999
8,593,Solaris,3,8.466666666666667,7.9,1972-03-20,"[18, 878, 9648]",0.5666666666666664
9,550,Fight Club,3,9.666666666666668,8.4,1999-10-15,[18],1.2666666666666675
10,1255,The Host,3,9.333333333333332,6.9,2006-07-27,"[27, 18, 878]",2.433333333333332
11,4645,Ödipussi,3,8.933333333333334,6.9,1988-03-10,[35],2.033333333333333
12,110415,Snowpiercer,3,8.7,6.9,2013-08-01,"[28, 878, 18]",1.799999999999999
13,64058,Single Bells,3,8.133333333333333,7.2,1998-12-22,[35],0.9333333333333327
14,76341,Mad Max: Fury Road,3,9.333333333333332,7.5,2015-05-13,"[28, 12, 878]",1.8333333333333321
15,5825,National Lampoon's Christmas Vacation,3,8.0,7.2,1989-11-30,[35],0.7999999999999998
16,79384,O Palmenbaum,3,7.933333333333333,5.8,2000-12-27,"[35, 10749, 10751, 10770]",2.133333333333333
17,24,Kill Bill: Vol. 1,3,9.7,8.0,2003-10-10,"[28, 80]",1.6999999999999993
18,517814,Capernaum,2,9.5,8.3,2018-10-06,[18],1.1999999999999993
19,394117,The Florida Project,2,9.05,7.4,2017-10-06,[18],1.6500000000000004
20,507076,Climax,2,7.8,7.1,2018-09-19,"[18, 27, 10402]",0.7000000000000002
21,278,The Shawshank Redemption,2,9.45,8.7,1994-09-23,"[18, 80]",0.75
22,335984,Blade Runner 2049,2,9.65,7.5,2017-10-04,"[878, 18]",2.1500000000000004
23,37903,The White Ribbon,2,8.0,7.5,2009-10-06,"[18, 9648]",0.5
24,4192,Death on the Nile,2,8.95,7.0,1978-10-06,[9648],1.9499999999999993
25,44214,Black Swan,2,8.5,7.6,2010-12-03,"[18, 53, 27]",0.9000000000000004
26,64690,Drive,2,7.5,7.6,2011-08-06,"[18, 53, 80]",-0.09999999999999964
27,115,The Big Lebowski,2,9.05,7.9,1998-03-06,"[35, 80]",1.1500000000000004
28,1878,Fear and Loathing in Las Vegas,2,8.3,7.2,1998-05-22,"[12, 18, 35]",1.1000000000000005
29,155,The Dark Knight,2,9.65,8.5,2008-07-16,"[18, 28, 80, 53]",1.1500000000000004
30,196,Back to the Future Part III,2,9.35,7.4,1990-05-25,"[12, 35, 878]",1.9499999999999993
31,452,The Idiots,2,7.75,6.6,1998-04-28,"[18, 35]",1.1500000000000004
32,27205,Inception,2,9.45,8.3,2010-07-15,"[28, 878, 12]",1.1499999999999986
33,16869,Inglourious Basterds,2,9.5,8.2,2009-08-18,"[18, 28, 53, 10752]",1.3000000000000007
34,1726,Iron Man,2,8.05,7.6,2008-04-30,"[28, 878, 12]",0.45000000000000107
35,399174,Isle of Dogs,2,8.95,7.9,2018-03-23,"[12, 35, 16]",1.049999999999999
36,515001,Jojo Rabbit,2,8.55,8.1,2019-10-18,"[35, 10752, 18]",0.45000000000000107
37,393,Kill Bill: Vol. 2,2,9.4,7.9,2004-04-16,"[28, 80, 53]",1.5
38,2013,The Diving Bell and the Butterfly,2,8.65,7.6,2007-05-23,[18],1.0500000000000007
39,339877,Loving Vincent,2,9.05,8.1,2017-06-22,"[16, 18, 9648]",0.9500000000000011
40,567,Rear Window,2,9.2,8.4,1954-09-01,"[53, 9648, 18]",0.7999999999999989
41,359940,"Three Billboards Outside Ebbing, Missouri",2,8.85,8.1,2017-11-10,"[80, 18]",0.75
42,466272,Once Upon a Time… in Hollywood,2,8.75,7.5,2019-07-24,"[35, 18, 53]",1.25
43,110390,A Pigeon Sat on a Branch Reflecting on Existence,2,8.3,6.9,2014-10-24,"[35, 18]",1.4000000000000004
44,62,2001: A Space Odyssey,2,9.75,8.1,1968-04-09,"[878, 9648, 12]",1.6500000000000004
45,348,Alien,2,9.3,8.1,1979-05-25,"[27, 878]",1.200000000000001
46,152747,All Is Lost,2,8.05,6.6,2013-08-23,"[28, 12, 18]",1.450000000000001
47,86837,Amour,2,8.2,7.8,2012-07-01,"[18, 10749]",0.39999999999999947
48,2080,X-Men Origins: Wolverine,2,6.5,6.2,2009-04-28,"[12, 28, 53, 878]",0.2999999999999998
49,2034,Training Day,1,7.4,7.4,2001-10-05,"[28, 80, 18, 53]",0.0
50,31175,Soul Kitchen,1,8.5,6.9,2009-09-09,"[18, 35]",1.5999999999999996
51,181812,Star Wars: The Rise of Skywalker,1,6.5,6.6,2019-12-18,"[28, 12, 878]",-0.09999999999999964
52,1894,Star Wars: Episode II - Attack of the Clones,1,7.5,6.5,2002-05-15,"[12, 28, 878]",1.0
53,235,Stand by Me,1,8.1,7.9,1986-08-08,"[80, 18]",0.1999999999999993
54,314365,Spotlight,1,7.0,7.8,2015-11-06,"[18, 53, 36]",-0.7999999999999998
55,409583,Split,1,7.5,5.0,2016-08-02,"[35, 10749]",2.5
56,533444,Waves,1,8.1,7.6,2019-11-15,"[10749, 18]",0.5
57,4723,Southland Tales,1,6.5,5.0,2006-05-15,"[35, 878, 18, 9648, 53]",1.5
58,45612,Source Code,1,7.9,7.3,2011-03-30,"[53, 878, 9648]",0.6000000000000005
59,336050,Son of Saul,1,7.8,7.2,2015-06-11,"[18, 53, 10752]",0.5999999999999996
60,1892,Return of the Jedi,1,7.4,8.0,1983-05-25,"[12, 28, 878]",-0.5999999999999996
61,348350,Solo: A Star Wars Story,1,6.0,6.6,2018-05-15,"[12, 878]",-0.5999999999999996
62,80705,Westfront 1918,1,7.3,6.4,1930-05-23,"[18, 10749, 10752]",0.8999999999999995
63,528491,WHAT DID JACK DO?,1,7.6,6.4,2017-11-08,"[80, 35]",1.1999999999999993
64,228970,Wild,1,7.2,7.0,2014-01-16,[18],0.20000000000000018
65,6905,Aren't We Wonderful,1,7.9,7.0,1958-10-28,[35],0.9000000000000004
66,107,Snatch,1,7.0,7.8,2000-09-01,"[80, 35]",-0.7999999999999998
67,614,Wild Strawberries,1,7.9,8.2,1957-12-26,[18],-0.29999999999999893
68,12405,Slumdog Millionaire,1,8.0,7.7,2008-05-12,"[18, 10749]",0.2999999999999998
69,223485,Slow West,1,7.8,6.6,2015-04-16,"[53, 37, 18, 28]",1.2000000000000002
70,1891,The Empire Strikes Back,1,8.5,8.4,1980-05-20,"[12, 28, 878]",0.09999999999999964
71,181808,Star Wars: The Last Jedi,1,6.5,6.9,2017-12-13,"[878, 28, 12]",-0.40000000000000036
72,140607,Star Wars: The Force Awakens,1,7.3,7.4,2015-12-15,"[28, 12, 878, 14]",-0.10000000000000053
73,13183,Watchmen,1,7.4,7.3,2009-03-05,"[28, 9648, 878]",0.10000000000000053
74,567410,System Crasher,1,7.8,7.9,2019-09-19,[18],-0.10000000000000053
75,287437,Symphonie einer Weltstadt,1,7.0,6.0,1950-10-01,[99],1.0
76,37686,Super 8,1,7.8,6.7,2011-06-08,"[53, 878, 9648]",1.0999999999999996
77,378483,Suntan,1,7.5,6.5,2016-03-31,"[35, 18]",1.0
78,363676,Sully,1,7.4,7.1,2016-09-07,"[18, 36]",0.3000000000000007
79,297761,Suicide Squad,1,6.0,5.9,2016-08-03,"[28, 12, 80, 14, 878]",0.09999999999999964
80,245168,Suffragette,1,7.7,7.3,2015-10-16,"[18, 36]",0.40000000000000036
81,395458,Suburbicon,1,5.9,5.8,2017-10-26,"[53, 80, 18, 9648]",0.10000000000000053
82,500853,Styx,1,8.0,6.0,2018-11-22,[18],2.0
85,69,Walk the Line,1,7.3,7.5,2005-09-13,"[18, 10402, 10749]",-0.20000000000000018
86,10681,WALL·E,1,7.0,8.0,2008-06-22,"[16, 10751, 878]",-1.0
87,281338,War for the Planet of the Apes,1,8.1,7.1,2017-07-11,"[18, 878, 10752]",1.0
88,469,Stranger Than Paradise,1,8.1,7.2,1984-10-01,"[35, 18]",0.8999999999999995
89,284293,Still Alice,1,7.5,7.5,2014-12-05,[18],0.0
90,68735,Warcraft,1,7.0,6.3,2016-05-25,"[28, 12, 14]",0.7000000000000002
91,321697,Steve Jobs,1,7.5,6.8,2015-10-09,"[18, 36]",0.7000000000000002
92,423422,My Brother Simple,1,5.9,6.8,2017-11-09,[18],-0.8999999999999995
93,297762,Wonder Woman,1,7.0,7.3,2017-05-30,"[28, 12, 14]",-0.2999999999999998
94,246655,X-Men: Apocalypse,1,7.6,6.5,2016-05-18,"[28, 12, 878, 14]",1.0999999999999996
95,9675,Sideways,1,6.9,7.1,2004-10-22,"[35, 18, 10749]",-0.1999999999999993
96,39513,Paul,1,6.1,6.6,2011-02-14,"[12, 35, 878]",-0.5
97,536743,Queen & Slim,1,7.3,7.2,2019-11-27,"[18, 10749, 80]",0.09999999999999964
98,680,Pulp Fiction,1,9.6,8.5,1994-09-10,"[53, 80]",1.0999999999999996
99,70981,Prometheus,1,8.0,6.4,2012-05-30,"[878, 12, 9648]",1.5999999999999996
100,14337,Primer,1,8.1,6.9,2004-10-08,"[878, 18, 53]",1.1999999999999993
101,531428,Portrait of a Lady on Fire,1,7.4,8.3,2019-06-17,"[18, 10749]",-0.9000000000000004
102,257344,Pixels,1,6.5,5.7,2015-07-16,"[28, 35, 878]",0.7999999999999998
103,473,Pi,1,7.9,7.1,1998-07-10,"[9648, 18, 53]",0.8000000000000007
104,400617,Phantom Thread,1,7.3,7.3,2017-12-25,"[18, 10749]",0.0
105,37997,Permanent Vacation,1,7.0,6.1,1980-01-01,[18],0.9000000000000004
106,1949,Zodiac,1,7.8,7.5,2007-03-02,"[80, 18, 9648, 53]",0.2999999999999998
107,265195,Wild Tales,1,8.3,7.8,2014-08-21,"[18, 53, 35]",0.5000000000000009
108,261420,Patong Girl,1,7.1,6.3,2014-12-25,"[18, 10749]",0.7999999999999998
109,10312,Patch Adams,1,8.0,7.3,1998-12-25,"[35, 18]",0.7000000000000002
110,274870,Passengers,1,6.9,6.9,2016-12-21,"[18, 10749, 878]",0.0
111,496243,Parasite,1,8.1,8.5,2019-05-30,"[35, 53, 18]",-0.40000000000000036
112,574436,Piranhas,1,8.1,6.8,2019-02-14,"[18, 80]",1.2999999999999998
113,1990,Paranoid Park,1,7.9,6.6,2007-05-21,"[9648, 80, 18]",1.3000000000000007
114,103686,Paradise: Love,1,7.3,6.9,2012-04-27,[18],0.39999999999999947
115,150897,Paradise: Hope,1,7.4,6.4,2013-02-08,[18],1.0
116,129734,Paradise: Faith,1,7.2,6.8,2012-08-29,[18],0.40000000000000036
117,333339,Ready Player One,1,8.0,7.6,2018-03-28,"[12, 878]",0.40000000000000036
118,61791,Rise of the Planet of the Apes,1,8.4,7.3,2011-08-03,"[53, 28, 18, 878]",1.1000000000000005
119,577922,Tenet,1,8.2,7.5,2020-08-22,"[28, 53, 878]",0.6999999999999993
120,5336,"Salò, or the 120 Days of Sodom",1,7.0,6.5,1975-11-22,"[10752, 18, 27]",0.5
121,11324,Shutter Island,1,9.2,8.2,2010-02-14,"[18, 53, 9648]",1.0
122,747,Shaun of the Dead,1,8.5,7.5,2004-04-09,"[27, 35]",1.0
123,296893,Aqua Seafoam Shame,1,7.1,8.0,2012-09-08,[99],-0.9000000000000004
124,8653,The Isle,1,8.0,7.0,2000-04-22,"[18, 53]",1.0
125,129,Spirited Away,1,7.9,8.5,2001-07-20,"[16, 10751, 14]",-0.5999999999999996
126,377151,Fire at Sea,1,7.5,6.8,2016-02-18,[99],0.7000000000000002
127,22538,Scott Pilgrim vs. the World,1,8.0,7.4,2010-08-12,"[35, 28, 10749, 10402, 14]",0.5999999999999996
128,333555,Schneider vs. Bax,1,6.5,6.1,2015-05-28,"[35, 53, 9648]",0.40000000000000036
129,424,Schindler's List,1,7.9,8.6,1993-11-30,"[18, 36, 10752]",-0.6999999999999993
130,53596,Even the Rain,1,6.5,7.0,2010-09-16,"[18, 36]",-0.5
131,465929,Back Roads,1,7.5,6.1,2019-11-15,"[53, 18, 80]",1.4000000000000004
132,10201,Yes Man,1,6.8,6.6,2008-12-09,[35],0.20000000000000018
133,5336,"Salò, or the 120 Days of Sodom",1,7.8,6.5,1975-11-22,"[10752, 18, 27]",1.2999999999999998
134,413043,Safari,1,7.9,5.8,2016-09-16,[99],2.1000000000000005
135,96721,Rush,1,7.4,7.7,2013-09-02,"[28, 18]",-0.2999999999999998
136,1580,Rope,1,8.5,8.0,1948-08-26,"[80, 53]",0.5
137,264644,Room,1,8.4,8.1,2015-10-16,"[18, 53]",0.3000000000000007
138,426426,Roma,1,7.9,7.7,2018-08-25,[18],0.20000000000000018
139,330459,Rogue One: A Star Wars Story,1,7.0,7.5,2016-12-14,"[28, 12, 878]",-0.5
140,20662,Robin Hood,1,5.9,6.4,2010-05-12,"[28, 12, 18]",-0.5
141,180863,T2 Trainspotting,1,7.4,6.9,2017-01-27,"[80, 18]",0.5
142,8681,Taken,1,6.9,7.4,2008-02-18,"[28, 53]",-0.5
143,627,Trainspotting,1,8.7,8.0,1996-02-23,"[18, 80]",0.6999999999999993
144,353571,Tallulah,1,4.0,6.8,2016-06-02,[18],-2.8
145,1630,The People vs. Larry Flynt,1,7.5,7.0,1996-12-25,[18],0.5
146,399796,Life of the Party,1,7.3,6.2,2018-05-10,[35],1.0999999999999996
147,429203,The Old Man & the Gun,1,5.6,6.4,2018-09-27,"[35, 80, 18]",-0.8000000000000007
148,1734,The Mummy Returns,1,7.4,6.3,2001-05-04,"[12, 28, 14]",1.1000000000000005
149,564,The Mummy,1,7.7,6.8,1999-04-16,"[12, 28, 14]",0.9000000000000004
150,504172,The Mule,1,6.5,6.7,2018-12-14,"[80, 18, 53]",-0.20000000000000018
151,1653,The Motorcycle Diaries,1,6.8,7.4,2004-02-06,[18],-0.6000000000000005
152,286217,The Martian,1,8.0,7.7,2015-09-30,"[18, 12, 878]",0.2999999999999998
153,444400,Mug,1,5.1,6.1,2018-03-08,"[18, 35]",-1.0
154,574,The Man Who Knew Too Much,1,8.5,7.5,1956-05-16,"[80, 18, 9648, 53]",1.0
155,297725,The Man Who Killed Don Quixote,1,4.5,6.9,2018-05-19,"[12, 35, 18, 14]",-2.4000000000000004
156,4553,The Machinist,1,7.7,7.5,2004-02-09,"[53, 18]",0.20000000000000018
157,330,The Lost World: Jurassic Park,1,7.1,6.5,1997-05-23,"[12, 28, 878]",0.5999999999999996
158,626,Un Chien Andalou,1,6.3,7.5,1929-06-05,"[14, 27]",-1.2000000000000002
159,473033,Uncut Gems,1,7.9,7.1,2019-08-30,"[80, 53, 18]",0.8000000000000007
160,339964,Valerian and the City of a Thousand Planets,1,6.5,6.6,2017-07-20,"[12, 878, 28]",-0.09999999999999964
161,254320,The Lobster,1,8.7,7.0,2015-10-15,"[53, 35, 18, 10749, 878]",1.6999999999999993
162,503919,The Lighthouse,1,7.5,7.6,2019-10-18,"[18, 14, 53, 27]",-0.09999999999999964
163,324849,The Lego Batman Movie,1,6.5,7.2,2017-02-08,"[28, 16, 35, 10751, 14]",-0.7000000000000002
164,10196,The Last Airbender,1,4.5,4.7,2010-06-30,"[28, 12, 14]",-0.20000000000000018
165,45269,The King's Speech,1,8.1,7.7,2010-09-06,"[18, 36]",0.39999999999999947
166,98566,Teenage Mutant Ninja Turtles,1,5.6,5.9,2014-08-07,"[878, 28, 12, 35]",-0.3000000000000007
167,446354,The Post,1,7.1,7.0,2017-01-19,"[18, 36]",0.09999999999999964
168,94329,The Raid,1,8.4,7.4,2011-11-29,"[28, 53, 80]",1.0
169,106646,The Wolf of Wall Street,1,8.4,8.0,2013-12-25,"[80, 18, 35]",0.40000000000000036
170,396535,Train to Busan,1,7.4,7.7,2016-07-20,"[28, 27, 53]",-0.2999999999999998
171,8392,My Neighbor Totoro,1,8.0,8.1,1988-04-16,"[14, 16, 10751]",-0.09999999999999964
172,65229,Tomboy,1,7.9,7.3,2011-04-20,[18],0.6000000000000005
173,401545,Everybody Knows,1,4.9,6.5,2018-05-09,[18],-1.5999999999999996
174,381,To Catch a Thief,1,7.3,7.4,1955-08-03,"[80, 18, 9648, 10749, 53]",-0.10000000000000053
175,7347,Elite Squad,1,9.0,8.0,2007-10-12,"[18, 28, 80]",1.0
176,41775,There's Nothing Out There,1,6.3,6.0,1991-03-31,"[35, 27, 878]",0.2999999999999998
177,47931,Elite Squad: The Enemy Within,1,8.0,7.8,2010-10-08,"[28, 80, 18]",0.20000000000000018
178,12163,The Wrestler,1,8.5,7.5,2008-09-07,"[18, 10749]",1.0
179,384664,Goodbye Berlin,1,7.0,6.7,2016-09-15,"[35, 18]",0.2999999999999998
180,562900,The Red Phallus,1,7.7,7.8,2019-03-20,[18],-0.09999999999999964
181,293670,The Wailing,1,7.3,7.3,2016-05-12,"[27, 9648]",0.0
182,37165,The Truman Show,1,9.3,8.1,1998-06-04,"[35, 18]",1.200000000000001
183,1091,The Thing,1,6.9,8.0,1982-06-25,"[27, 9648, 878]",-1.0999999999999996
184,266856,The Theory of Everything,1,7.3,7.9,2014-11-26,"[18, 10749]",-0.6000000000000005
185,37799,The Social Network,1,7.1,7.3,2010-10-01,[18],-0.20000000000000018
186,868,Tsotsi,1,7.5,6.9,2005-08-18,"[80, 18]",0.5999999999999996
187,399055,The Shape of Water,1,7.9,7.3,2017-12-01,"[18, 14, 10749]",0.6000000000000005
188,116745,The Secret Life of Walter Mitty,1,8.6,7.1,2013-12-18,"[12, 35, 18, 14]",1.5
189,281957,The Revenant,1,8.1,7.5,2015-12-25,"[37, 18, 12]",0.5999999999999996
190,399057,The Killing of a Sacred Deer,1,8.5,7.0,2017-10-20,"[18, 53, 9648]",1.5
191,18333,Hour of the Wolf,1,8.3,7.6,1968-02-19,"[18, 27]",0.7000000000000011
192,10098,The Kid,1,7.9,8.2,1921-01-21,"[35, 18]",-0.29999999999999893
193,10200,The Day the Earth Stood Still,1,6.5,5.5,2008-12-10,"[18, 878, 53]",1.0
194,429197,Vice,1,7.9,7.1,2018-12-25,"[18, 36, 35]",0.8000000000000007
195,4695,Pappa ante Portas,1,9.5,7.6,1991-02-21,[35],1.9000000000000004
196,375262,The Favourite,1,7.1,7.6,2018-11-23,"[18, 36, 35]",-0.5
197,228066,Victor Frankenstein,1,6.1,5.8,2015-11-10,"[18, 878, 53]",0.2999999999999998
198,109428,Evil Dead,1,7.5,6.4,2013-04-05,[27],1.0999999999999996
199,371638,The Disaster Artist,1,9.2,7.2,2017-03-12,"[35, 18]",1.9999999999999991
200,1422,The Departed,1,8.3,8.2,2006-10-05,"[18, 53, 80]",0.10000000000000142
201,535581,The Dead Don't Die,1,6.7,5.5,2019-05-15,"[35, 27, 14]",1.2000000000000002
202,10238,Cries and Whispers,1,7.3,8.0,1972-12-21,[18],-0.7000000000000002
203,89494,Vladimir and Rosa,1,6.1,7.0,1971-04-16,[18],-0.9000000000000004
204,2649,The Game,1,9.0,7.6,1997-09-12,"[18, 53, 9648]",1.4000000000000004
205,353491,The Dark Tower,1,5.4,5.7,2017-08-03,"[28, 14, 878, 12]",-0.2999999999999998
206,144651,Ghosts Before Breakfast,1,6.6,6.9,1928-07-14,[],-0.3000000000000007
207,22970,The Cabin in the Woods,1,7.1,6.5,2012-04-12,"[27, 35, 14, 53]",0.5999999999999996
208,132363,The Butler,1,8.3,7.4,2013-08-16,[18],0.9000000000000004
209,2108,The Breakfast Club,1,6.5,7.8,1985-02-15,"[35, 18]",-1.2999999999999998
210,399019,The Beguiled,1,6.5,5.8,2017-06-23,[18],0.7000000000000002
211,537996,The Ballad of Buster Scruggs,1,7.0,7.2,2018-11-09,"[35, 18, 37]",-0.20000000000000018
212,103,Taxi Driver,1,8.9,8.2,1976-02-09,"[80, 18]",0.7000000000000011
213,765,Evil Dead II,1,8.1,7.6,1987-03-13,"[27, 35, 14]",0.5
214,1381,The Fountain,1,7.6,6.9,2006-09-06,"[18, 12, 878, 10749]",0.6999999999999993
215,522627,The Gentlemen,1,7.4,7.7,2020-01-01,"[28, 35, 80]",-0.2999999999999998
216,278927,The Jungle Book,1,6.0,6.8,2016-04-07,"[12, 18, 10751, 14]",-0.7999999999999998
217,57158,The Hobbit: The Desolation of Smaug,1,7.0,7.6,2013-12-11,"[12, 14, 28]",-0.5999999999999996
218,9325,The Jungle Book,1,8.0,7.3,1967-10-18,"[10751, 16, 12]",0.7000000000000002
219,463684,Velvet Buzzsaw,1,6.4,5.4,2019-02-01,"[53, 9648, 27]",1.0
220,398978,The Irishman,1,7.5,7.7,2019-11-01,"[80, 18, 36]",-0.20000000000000018
221,1724,The Incredible Hulk,1,6.8,6.2,2008-06-12,"[878, 28, 12]",0.5999999999999996
222,10316,The Ides of March,1,7.5,6.7,2011-09-24,[18],0.7999999999999998
223,45202,The Housemaid,1,7.5,6.5,2010-05-13,"[53, 18]",1.0
224,398173,The House That Jack Built,1,7.6,7.2,2018-10-04,"[18, 27, 80, 53]",0.39999999999999947
225,590,The Hours,1,7.0,7.3,2002-12-27,[18],-0.2999999999999998
226,335983,Venom,1,6.0,6.7,2018-09-28,"[878, 28]",-0.7000000000000002
227,122917,The Hobbit: The Battle of the Five Armies,1,7.0,7.3,2014-12-10,"[28, 12, 14]",-0.2999999999999998
228,346685,The Girl on the Train,1,6.5,6.4,2016-10-05,"[80, 18, 9648, 53]",0.09999999999999964
229,49051,The Hobbit: An Unexpected Journey,1,7.0,7.3,2012-11-26,"[12, 14, 28]",-0.2999999999999998
230,273248,The Hateful Eight,1,9.7,7.7,2015-12-25,"[80, 18, 9648, 37]",1.9999999999999991
231,18785,The Hangover,1,6.4,7.3,2009-06-02,[35],-0.8999999999999995
232,497,The Green Mile,1,8.9,8.5,1999-12-10,"[14, 18, 80]",0.40000000000000036
233,64682,The Great Gatsby,1,6.7,7.4,2013-05-10,"[18, 10749]",-0.7000000000000002
234,479226,The Purity of Vengeance,1,4.9,7.2,2018-10-04,"[80, 53, 9648, 18]",-2.3
235,914,The Great Dictator,1,8.2,8.4,1940-10-23,[35],-0.20000000000000107
236,240,The Godfather: Part II,1,9.2,8.6,1974-12-20,"[18, 80]",0.5999999999999996
237,238,The Godfather,1,9.5,8.7,1972-03-14,"[18, 80]",0.8000000000000007
238,300673,The Finest Hours,1,5.9,6.5,2016-01-25,"[28, 18, 36, 53]",-0.5999999999999996
239,49853,Same Same But Different,1,6.5,6.7,2009-08-13,"[18, 10749]",-0.20000000000000018
240,335,Once Upon a Time in the West,1,8.4,8.3,1968-12-21,[37],0.09999999999999964
241,640,Catch Me If You Can,1,8.1,7.9,2002-12-25,"[18, 80]",0.1999999999999993
242,334527,Criminal Activities,1,4.2,5.9,2015-11-20,"[53, 80, 18]",-1.7000000000000002
243,599975,Countdown,1,5.1,6.3,2019-10-24,"[27, 53]",-1.2000000000000002
244,548473,Color Out of Space,1,6.5,6.1,2019-10-11,"[27, 878]",0.40000000000000036
245,318781,Colonia,1,7.4,7.3,2016-02-12,"[18, 10749, 53]",0.10000000000000053
246,440298,Cold War,1,6.3,7.5,2018-06-08,"[18, 10749, 10752, 10402]",-1.2000000000000002
247,354912,Coco,1,5.5,8.2,2017-10-27,"[16, 10751, 35, 12, 14, 10402]",-2.6999999999999993
248,11513,Cobra Verde,1,7.0,7.0,1987-12-03,"[12, 18]",0.0
249,83542,Cloud Atlas,1,7.9,6.8,2012-10-26,"[18, 878]",1.1000000000000005
250,598,City of God,1,8.9,8.4,2002-02-05,"[18, 80]",0.5
251,23759,Centurion,1,6.3,6.2,2010-02-15,"[12, 28, 18]",0.09999999999999964
252,289,Casablanca,1,9.2,8.2,1942-11-26,"[18, 10749]",1.0
254,920,Cars,1,7.0,6.8,2006-06-08,"[16, 12, 35, 10751]",0.20000000000000018
255,258480,Carol,1,7.4,7.5,2015-11-20,"[10749, 18]",-0.09999999999999964
256,299537,Captain Marvel,1,6.9,7.0,2019-03-06,"[28, 12, 878]",-0.09999999999999964
257,271110,Captain America: Civil War,1,8.4,7.4,2016-04-27,"[12, 28, 878]",1.0
258,445,Caché,1,8.3,7.1,2005-10-05,"[9648, 18, 53]",1.200000000000001
259,469341,Damn Kids,1,6.3,6.2,2017-08-24,[18],0.09999999999999964
260,575807,By the Name of Tania,1,6.0,8.0,2019-02-10,[99],-2.0
261,11779,Buena Vista Social Club,1,6.7,7.6,1999-06-04,"[99, 10402]",-0.8999999999999995
264,581859,Da 5 Bloods,1,8.3,6.7,2020-06-12,"[10752, 18]",1.6000000000000005
266,68,Brazil,1,8.7,7.7,1985-02-20,"[35, 878]",0.9999999999999991
267,483184,Dogman,1,8.5,7.6,2018-05-17,"[80, 18, 53]",0.9000000000000004
268,137113,Edge of Tomorrow,1,7.8,7.6,2014-05-27,"[28, 878]",0.20000000000000018
269,624,Easy Rider,1,8.1,7.1,1969-05-07,"[12, 18]",1.0
270,374720,Dunkirk,1,8.4,7.5,2017-07-19,"[10752, 28, 18]",0.9000000000000004
271,8859,"Dude, Where's My Car?",1,8.0,5.5,2000-12-15,"[35, 878]",2.5
272,1554,Down by Law,1,6.5,7.4,1986-09-20,"[80, 18, 35]",-0.9000000000000004
273,141,Donnie Darko,1,8.5,7.8,2001-10-26,"[14, 18, 9648]",0.7000000000000002
274,141,Donnie Darko,1,9.5,7.8,2001-10-26,"[14, 18, 9648]",1.7000000000000002
275,455522,Donna Haraway: Story Telling for Earthly Survival,1,3.0,5.0,2016-05-25,[99],-2.0
276,519010,Pain and Glory,1,6.5,7.5,2019-03-22,[18],-1.0
277,38810,Dogtooth,1,7.9,7.2,2009-06-01,[18],0.7000000000000002
278,284052,Doctor Strange,1,6.9,7.4,2016-10-25,"[28, 12, 14, 878]",-0.5
279,582,The Lives of Others,1,8.6,8.1,2006-03-15,"[18, 53]",0.5
280,407448,Detroit,1,9.2,7.3,2017-07-28,"[80, 18, 53, 36]",1.8999999999999995
281,74308,Detachment,1,8.5,7.5,2011-04-24,[18],1.0
282,38602,Little Lord Fauntleroy,1,7.3,7.3,1980-11-25,"[18, 10751, 10770]",0.0
283,505706,The Golden Glove,1,7.0,7.2,2019-02-21,"[80, 18, 27, 53]",-0.20000000000000018
284,144,Wings of Desire,1,7.9,7.9,1987-05-17,"[18, 14, 10749]",0.0
285,303991,Demolition,1,6.1,6.7,2015-09-10,"[35, 18]",-0.6000000000000005
286,383498,Deadpool 2,1,7.3,7.5,2018-05-10,"[28, 35, 12]",-0.20000000000000018
287,119450,Dawn of the Planet of the Apes,1,8.3,7.3,2014-06-26,"[878, 28, 18, 53]",1.0000000000000009
288,924,Dawn of the Dead,1,7.6,7.0,2004-03-19,"[28, 27]",0.5999999999999996
289,265297,The Salt of the Earth,1,8.3,8.2,2014-09-27,[99],0.10000000000000142
290,164,Breakfast at Tiffany's,1,8.5,7.7,1961-10-06,"[35, 18, 10749]",0.7999999999999998
291,85350,Boyhood,1,7.0,7.5,2014-06-05,[18],-0.5
292,337674,Elle,1,7.6,6.6,2016-05-25,"[18, 53]",1.0
293,588009,Adú,1,6.7,7.2,2020-01-31,[18],-0.5
294,28,Apocalypse Now,1,9.8,8.3,1979-08-15,"[18, 10752]",1.5
295,29453,The Magician,1,7.8,7.5,1958-12-26,[18],0.2999999999999998
296,300668,Annihilation,1,7.9,6.3,2018-02-22,"[878, 27]",1.6000000000000005
297,216,Ali: Fear Eats the Soul,1,8.3,7.8,1974-06-05,"[10749, 18]",0.5000000000000009
298,8699,Anchorman: The Legend of Ron Burgundy,1,6.9,6.7,2004-07-09,[35],0.20000000000000018
299,679,Aliens,1,9.5,7.9,1986-07-18,"[28, 53, 878]",1.5999999999999996
300,8078,Alien Resurrection,1,7.3,6.1,1997-11-12,"[878, 27, 28]",1.2000000000000002
301,126889,Alien: Covenant,1,7.1,6.0,2017-05-09,"[27, 878]",1.0999999999999996
302,8077,Alien³,1,9.1,6.3,1992-05-22,"[878, 28, 27]",2.8
303,813,Airplane!,1,7.5,7.3,1980-07-02,[35],0.20000000000000018
304,419704,Ad Astra,1,7.3,6.1,2019-09-17,"[878, 18]",1.2000000000000002
305,478417,Arthur & Claire,1,7.0,7.6,2017-09-25,"[35, 18]",-0.5999999999999996
306,447332,A Quiet Place,1,7.0,7.3,2018-04-03,"[27, 18, 878]",-0.2999999999999998
307,403300,A Hidden Life,1,8.8,7.2,2019-12-11,"[18, 36, 10752]",1.6000000000000005
308,623,A Fish Called Wanda,1,8.9,7.2,1988-07-15,"[35, 80]",1.7000000000000002
309,453,A Beautiful Mind,1,9.0,7.8,2001-12-11,"[18, 10749]",1.2000000000000002
310,546487,Beautiful Days,1,7.4,8.6,2018-11-21,[18],-1.1999999999999993
311,65,8 Mile,1,7.0,7.1,2002-11-08,"[18, 10402]",-0.09999999999999964
312,53182,300: Rise of an Empire,1,7.0,6.1,2014-03-05,"[28, 18]",0.9000000000000004
313,1271,300,1,8.5,7.1,2006-12-09,"[28, 12, 10752]",1.4000000000000004
314,530915,1917,1,8.0,7.9,2019-12-25,"[10752, 18, 28]",0.09999999999999964
315,44115,127 Hours,1,7.7,7.0,2010-11-05,"[12, 18, 53]",0.7000000000000002
316,329865,Arrival,1,8.0,7.5,2016-11-10,"[18, 878, 9648]",0.5
317,9318,Asterix in Britain,1,7.2,6.6,1986-12-03,"[10751, 16, 12, 35]",0.6000000000000005
319,446159,Bacurau,1,7.9,8.0,2019-08-29,"[9648, 37, 53]",-0.09999999999999964
320,525,The Blues Brothers,1,7.9,7.7,1980-06-16,"[10402, 35, 28, 80]",0.20000000000000018
321,78,Blade Runner,1,9.1,7.9,1982-06-25,"[878, 18, 53]",1.1999999999999993
322,78,Blade Runner,1,9.4,7.9,1982-06-25,"[878, 18, 53]",1.5
323,487558,BlacKkKlansman,1,8.5,7.6,2018-07-30,"[80, 18, 36, 35]",0.9000000000000004
324,569547,Black Mirror: Bandersnatch,1,7.3,6.9,2018-12-28,"[18, 9648, 878, 53, 10770]",0.39999999999999947
325,405774,Bird Box,1,4.1,6.9,2018-12-13,"[53, 18, 878]",-2.8000000000000007
326,582903,Echo,1,7.4,6.5,2019-08-11,[18],0.9000000000000004
327,1987,Benny's Video,1,7.2,7.2,1993-03-04,"[80, 18, 27]",0.0
328,209112,Batman v Superman: Dawn of Justice,1,8.1,5.9,2016-03-23,"[28, 12, 14]",2.1999999999999993
329,272,Batman Begins,1,7.9,7.7,2005-06-10,"[28, 80, 18]",0.20000000000000018
330,165,Back to the Future Part II,1,9.0,7.7,1989-11-22,"[12, 35, 10751, 878]",1.2999999999999998
331,491472,At Eternity's Gate,1,7.6,6.9,2018-11-15,[18],0.6999999999999993
332,105,Back to the Future,1,9.6,8.3,1985-07-03,"[12, 35, 878, 10751]",1.299999999999999
333,339403,Baby Driver,1,6.5,7.5,2017-06-28,"[28, 80]",-1.0
334,299536,Avengers: Infinity War,1,9.5,8.3,2018-04-25,"[12, 28, 878]",1.1999999999999993
335,299536,Avengers: Infinity War,1,9.0,8.3,2018-04-25,"[12, 28, 878]",0.6999999999999993
336,299534,Avengers: Endgame,1,8.3,8.3,2019-04-24,"[12, 878, 28]",0.0
337,299534,Avengers: Endgame,1,5.9,8.3,2019-04-24,"[12, 878, 28]",-2.4000000000000004
338,453354,Ava,1,7.2,6.1,2017-06-21,[18],1.1000000000000005
339,269,Breathless,1,7.6,7.7,1960-03-16,"[18, 80]",-0.10000000000000053
340,423646,In the Fade,1,8.5,7.0,2017-11-23,"[18, 80]",1.5
341,20108,Au Hasard Balthazar,1,7.5,7.8,1966-05-25,[18],-0.2999999999999998
342,619264,The Platform,1,7.4,7.0,2019-11-08,"[18, 878, 53]",0.40000000000000036
343,42602,The Passion of Anna,1,8.2,7.5,1969-11-10,[18],0.6999999999999993
344,387426,Okja,1,8.1,7.5,2017-06-28,"[12, 18, 878, 28]",0.5999999999999996
345,773,Little Miss Sunshine,1,8.5,7.6,2006-07-26,"[35, 18]",0.9000000000000004
346,24631,"Maria, ihm schmeckt's nicht!",1,6.0,6.0,2009-08-05,[35],0.0
347,382127,Manifesto,1,6.7,7.3,2015-10-28,[18],-0.5999999999999996
348,334541,Manchester by the Sea,1,8.3,7.5,2016-11-18,[18],0.8000000000000007
349,505192,Shoplifters,1,6.8,7.9,2018-06-02,"[18, 80]",-1.1000000000000005
350,49521,Man of Steel,1,8.0,6.5,2013-06-12,"[28, 12, 14, 878]",1.5
351,399170,Logan Lucky,1,6.1,6.7,2017-08-17,"[28, 35, 80, 18]",-0.6000000000000005
352,371447,Lovesong,1,6.0,5.7,2017-02-17,"[18, 10749]",0.2999999999999998
353,271714,Love & Mercy,1,8.0,7.2,2015-05-29,"[18, 10402]",0.7999999999999998
354,409520,Lommbock,1,7.9,6.9,2017-03-23,[35],1.0
355,263115,Logan,1,7.0,7.8,2017-02-28,"[28, 18, 878]",-0.7999999999999998
356,390,Lisbon Story,1,6.0,7.4,1994-12-16,[18],-1.4000000000000004
357,77,Memento,1,8.8,8.2,2000-10-11,"[9648, 53]",0.6000000000000014
358,583,Life of Brian,1,7.8,7.8,1979-08-17,[35],0.0
359,586863,Les Misérables,1,7.6,7.7,2019-11-14,"[80, 18, 53]",-0.10000000000000053
360,330764,The Brand New Testament,1,6.0,6.7,2015-09-02,"[35, 18, 14]",-0.7000000000000002
361,50785,Le Petit Soldat,1,7.7,7.0,1963-01-25,"[18, 10752]",0.7000000000000002
362,391713,Lady Bird,1,7.0,7.3,2017-09-08,"[18, 35]",-0.2999999999999998
363,179144,The Great Beauty,1,6.5,7.5,2013-05-21,[18],-1.0
364,405,La Strada,1,7.3,8.0,1954-09-23,[18],-0.7000000000000002
365,63311,The Skin I Live In,1,7.9,7.5,2011-08-17,"[18, 53, 9648]",0.40000000000000036
366,313369,La La Land,1,8.3,7.9,2016-11-29,"[35, 18, 10749, 10402]",0.40000000000000036
367,89681,The Hour of the Furnaces,1,6.0,6.4,1968-09-08,[99],-0.40000000000000036
368,603,The Matrix,1,10.0,8.1,1999-03-30,"[28, 878]",1.9000000000000004
369,11423,Memories of Murder,1,7.9,8.1,2003-05-02,"[80, 18, 53]",-0.1999999999999993
370,64689,Killing Them Softly,1,3.2,6.0,2012-07-30,"[80, 53]",-2.8
371,60243,A Separation,1,8.2,8.0,2011-03-15,[18],0.1999999999999993
372,72721,Nostalgia for the Light,1,7.3,7.6,2010-10-27,[99],-0.2999999999999998
373,653,Nosferatu,1,6.5,7.7,1922-02-17,"[18, 14, 27]",-1.2000000000000002
374,522637,"Nona. If They Soak Me, I'll Burn Them",1,5.7,6.3,2019-01-29,[18],-0.5999999999999996
375,340666,Nocturnal Animals,1,7.2,7.4,2016-11-04,"[18, 53]",-0.20000000000000018
376,86834,Noah,1,7.9,5.6,2014-03-07,"[18, 12]",2.3000000000000007
377,6977,No Country for Old Men,1,8.9,7.9,2007-11-08,"[80, 18, 53]",1.0
378,339,Night on Earth,1,8.3,7.5,1991-12-12,"[35, 18]",0.8000000000000007
379,29455,Winter Light,1,7.6,7.9,1963-02-11,[18],-0.3000000000000007
380,8193,Napoleon Dynamite,1,7.7,6.8,2004-06-11,[35],0.9000000000000004
381,2742,Naked Lunch,1,7.2,7.0,1991-12-27,"[80, 18]",0.20000000000000018
382,19913,(500) Days of Summer,1,7.5,7.2,2009-07-17,"[35, 18, 10749]",0.2999999999999998
383,19,Metropolis,1,7.0,8.2,1927-03-06,"[18, 878]",-1.1999999999999993
384,1018,Mulholland Drive,1,9.5,7.9,2001-09-08,"[53, 18, 9648]",1.5999999999999996
385,381283,mother!,1,7.4,7.0,2017-09-13,"[18, 27, 9648]",0.40000000000000036
386,376867,Moonlight,1,7.4,7.4,2016-10-21,[18],0.0
387,417466,Monos,1,8.0,6.8,2019-09-05,"[18, 53]",1.2000000000000002
388,128,Princess Mononoke,1,8.2,8.4,1997-07-12,"[12, 14, 16]",-0.20000000000000107
389,303858,Money Monster,1,7.5,6.5,2016-05-12,"[53, 18]",1.0
390,3082,Modern Times,1,7.5,8.3,1936-02-11,"[35, 18]",-0.8000000000000007
391,10510,Miracle on 34th Street,1,7.9,6.6,1994-11-18,"[14, 18, 10751]",1.3000000000000007
392,582885,Cuties,1,7.8,5.1,2020-08-19,[18],2.7
393,11327,Midnight Express,1,7.4,7.6,1978-08-31,"[18, 80]",-0.1999999999999993
394,546554,Knives Out,1,7.3,7.9,2019-11-27,"[9648, 35, 18, 80]",-0.6000000000000005
395,351286,Jurassic World: Fallen Kingdom,1,5.3,6.6,2018-06-06,"[28, 12, 878]",-1.2999999999999998
396,575817,Your Turn,1,6.4,6.9,2019-08-15,[99],-0.5
397,8461,Funny Games,1,6.7,6.5,2007-10-20,"[80, 27, 53, 18]",0.20000000000000018
398,399031,Happy End,1,6.4,6.1,2017-06-21,[18],0.3000000000000007
399,6461,Cherry Blossoms,1,10.0,7.7,2008-03-05,"[18, 10749]",2.3
400,270487,"Hail, Caesar!",1,6.4,5.9,2016-02-05,"[35, 18, 9648]",0.5
401,490132,Green Book,1,7.5,8.3,2018-11-16,"[18, 35]",-0.8000000000000007
402,120467,The Grand Budapest Hotel,1,8.9,8.0,2014-02-26,"[35, 18]",0.9000000000000004
403,257445,Goosebumps,1,6.5,6.3,2015-08-05,"[12, 27, 35]",0.20000000000000018
404,338,Good Bye Lenin!,1,7.9,7.5,2003-02-09,"[35, 18]",0.40000000000000036
405,419430,Get Out,1,7.5,7.6,2017-02-24,"[9648, 53, 27]",-0.09999999999999964
406,8016,Germany Year Zero,1,7.1,7.7,1948-12-01,"[10752, 18]",-0.6000000000000005
407,576017,For Sama,1,7.9,8.4,2019-10-09,"[99, 10752]",-0.5
408,109445,Frozen,1,5.6,7.3,2013-11-27,"[16, 12, 10751]",-1.7000000000000002
409,152601,Her,1,7.3,7.9,2013-12-18,"[10749, 878, 18]",-0.6000000000000005
410,515042,Free Solo,1,7.0,8.0,2018-09-28,[99],-1.0
411,9343,Fitzcarraldo,1,6.9,7.7,1982-03-02,"[18, 12]",-0.7999999999999998
412,369972,First Man,1,7.8,7.1,2018-10-11,"[36, 18]",0.7000000000000002
413,309,The Celebration,1,9.1,7.7,1998-06-19,[18],1.3999999999999995
414,338952,Fantastic Beasts: The Crimes of Grindelwald,1,3.5,6.9,2018-11-14,"[12, 14, 18]",-3.4000000000000004
415,754,Face/Off,1,7.6,7.0,1997-06-27,"[28, 80, 878, 53]",0.5999999999999996
416,345,Eyes Wide Shut,1,7.5,7.4,1999-07-16,"[18, 53, 9648]",0.09999999999999964
417,39452,Exit Through the Gift Shop,1,7.1,7.6,2010-01-24,[99],-0.5
418,4193,Evil Under the Sun,1,7.9,6.9,1982-03-05,"[53, 80, 9648, 18]",1.0
419,38,Eternal Sunshine of the Spotless Mind,1,8.4,8.1,2004-03-19,"[878, 18, 10749]",0.3000000000000007
420,4935,Howl's Moving Castle,1,7.7,8.4,2004-11-19,"[14, 16, 12]",-0.7000000000000002
421,381284,Hidden Figures,1,7.9,8.0,2016-12-10,"[18, 36]",-0.09999999999999964
422,135397,Jurassic World,1,7.8,6.6,2015-06-06,"[28, 12, 878, 53]",1.2000000000000002
423,346364,It,1,7.6,7.2,2017-09-06,[27],0.39999999999999947
424,329,Jurassic Park,1,9.3,7.9,1993-06-11,"[12, 878]",1.4000000000000004
425,353486,Jumanji: Welcome to the Jungle,1,5.5,6.8,2017-12-09,"[28, 12, 35, 14]",-1.2999999999999998
426,475557,Joker,1,7.7,8.2,2019-10-02,"[80, 53, 18]",-0.4999999999999991
427,463272,Johnny English Strikes Again,1,5.1,6.3,2018-09-13,"[28, 12, 35]",-1.2000000000000002
428,11710,The Enigma of Kaspar Hauser,1,6.5,7.5,1974-11-01,"[18, 36]",-1.0
429,43943,Jack Goes Boating,1,7.0,5.8,2010-09-23,"[35, 18, 10749]",1.2000000000000002
430,586940,I Lost My Body,1,6.5,7.6,2019-11-06,"[16, 18, 14]",-1.0999999999999996
431,399121,An Officer and a Spy,1,7.6,7.1,2019-09-30,"[18, 36, 53]",0.5
432,31442,Ivan's Childhood,1,7.1,7.9,1962-05-09,"[18, 10752]",-0.8000000000000007
433,474350,It Chapter Two,1,8.0,6.9,2019-09-04,"[27, 14]",1.0999999999999996
434,979,Irreversible,1,6.3,7.2,2002-05-22,"[18, 53, 80, 9648]",-0.9000000000000004
435,12761,Autumn Sonata,1,8.1,8.0,1978-10-08,[18],0.09999999999999964
436,10138,Iron Man 2,1,6.9,6.8,2010-04-28,"[12, 28, 878]",0.10000000000000053
437,150540,Inside Out,1,6.0,7.9,2015-06-09,"[16, 10751, 12, 18, 35]",-1.9000000000000004
438,388,Inside Man,1,8.6,7.4,2006-03-17,"[80, 18, 53]",1.1999999999999993
439,209274,Ida,1,6.5,7.3,2013-10-25,[18],-0.7999999999999998
440,14756,Ip Man,1,6.7,7.7,2008-12-12,"[28, 18, 36]",-1.0
441,500840,I'm Thinking of Ending Things,1,6.3,6.6,2020-08-28,"[18, 53]",-0.2999999999999998
442,425591,I Don't Feel at Home in This World Anymore,1,5.1,6.5,2017-01-19,"[35, 80, 18, 53]",-1.4000000000000004
443,411019,I Am Not Your Negro,1,7.8,7.9,2017-02-03,[99],-0.10000000000000053
444,505948,I Am Mother,1,7.2,6.7,2019-06-07,[878],0.5
445,771,Home Alone,1,8.0,7.3,1990-11-16,"[35, 10751]",0.7000000000000002
446,4176,Murder on the Orient Express,1,8.0,7.2,1974-11-22,"[18, 53, 9648]",0.7999999999999998
